{
  "radius1": 17.99,
  "texture1": 10.38,
  "perimeter1": 122.8,
  "area1": 1001.0,
  "smoothness1": 0.1184,
  "compactness1": 0.2776,
  "concavity1": 0.3001,
  "concave_points1": 0.1471,
  "symmetry1": 0.2419,
  "fractal_dimension1": 0.07871,
  "radius2": 1.095,
  "texture2": 0.9053,
  "perimeter2": 8.589,
  "area2": 153.4,
  "smoothness2": 0.006399,
  "compactness2": 0.04904,
  "concavity2": 0.05373,
  "concave_points2": 0.01587,
  "symmetry2": 0.03003,
  "fractal_dimension2": 0.006193,
  "radius3": 25.38,
  "texture3": 17.33,
  "perimeter3": 184.6,
  "area3": 2019.0,
  "smoothness3": 0.1622,
  "compactness3": 0.6656,
  "concavity3": 0.7119,
  "concave_points3": 0.2654,
  "symmetry3": 0.4601,
  "fractal_dimension3": 0.1189,
  "area_ratio": 2.016983016983017
}